,x_coor,y_coor,frame
0,321,334,0
1,39,322,0
2,453,292,0
3,95,251,0
4,252,200,0
5,389,80,0
6,321,334,1
7,39,322,1
8,453,292,1
9,95,251,1
10,252,200,1
11,389,80,1
12,321,334,2
13,39,322,2
14,453,292,2
15,95,251,2
16,252,200,2
17,389,80,2
18,321,334,3
19,39,322,3
20,453,292,3
21,95,251,3
22,252,200,3
23,389,80,3
24,321,334,4
25,39,322,4
26,453,292,4
27,95,251,4
28,252,200,4
29,389,80,4
30,321,334,5
31,39,322,5
32,453,292,5
33,95,251,5
34,252,200,5
35,389,80,5
36,321,334,6
37,39,322,6
38,453,292,6
39,95,251,6
40,252,200,6
41,389,80,6
42,321,334,7
43,39,322,7
44,453,292,7
45,95,251,7
46,252,200,7
47,389,80,7
48,321,334,8
49,39,322,8
50,453,292,8
51,95,251,8
52,252,200,8
53,389,80,8
54,321,334,9
55,39,322,9
56,453,292,9
57,95,251,9
58,252,200,9
59,389,80,9
60,321,334,10
61,39,322,10
62,453,292,10
63,95,251,10
64,252,200,10
65,389,80,10
66,321,334,11
67,39,322,11
68,453,292,11
69,95,251,11
70,252,200,11
71,389,80,11
72,321,334,12
73,39,322,12
74,453,292,12
75,95,251,12
76,252,200,12
77,389,80,12
78,321,334,13
79,39,322,13
80,453,292,13
81,95,251,13
82,252,200,13
83,389,80,13
84,321,334,14
85,39,322,14
86,453,292,14
87,95,251,14
88,394,249,14
89,252,200,14
90,389,80,14
91,321,334,15
92,39,322,15
93,453,292,15
94,95,251,15
95,391,244,15
96,252,200,15
97,389,80,15
98,321,334,16
99,39,322,16
100,453,292,16
101,95,251,16
102,388,240,16
103,252,200,16
104,389,80,16
105,321,334,17
106,39,322,17
107,453,292,17
108,95,251,17
109,385,236,17
110,252,200,17
111,389,80,17
112,321,334,18
113,39,322,18
114,453,292,18
115,95,251,18
116,382,232,18
117,252,200,18
118,389,80,18
119,321,334,19
120,39,322,19
121,453,292,19
122,95,251,19
123,379,228,19
124,252,200,19
125,389,80,19
126,321,334,20
127,39,322,20
128,453,292,20
129,95,251,20
130,376,224,20
131,321,334,21
132,39,322,21
133,373,220,21
134,252,200,21
135,310,126,21
136,299,392,22
137,321,334,22
138,39,322,22
139,339,304,22
140,495,239,22
141,370,216,22
142,342,200,22
143,252,200,22
144,389,78,22
145,298,392,23
146,527,387,23
147,321,334,23
148,39,322,23
149,495,239,23
150,454,215,23
151,368,213,23
152,342,200,23
153,252,200,23
154,287,128,23
155,310,126,23
156,390,78,23
157,397,333,24
158,321,334,24
159,39,322,24
160,339,303,24
161,454,217,24
162,365,209,24
163,252,200,24
164,389,79,24
165,446,339,25
166,397,333,25
167,397,323,25
168,321,334,25
169,406,322,25
170,39,322,25
171,95,251,25
172,331,204,25
173,342,200,25
174,389,77,25
175,447,339,26
176,321,334,26
177,406,322,26
178,39,322,26
179,254,291,26
180,360,202,26
181,294,112,26
182,397,333,27
183,396,323,27
184,321,334,27
185,39,322,27
186,294,112,27
187,396,332,28
188,321,334,28
189,39,322,28
190,453,293,28
191,255,291,28
192,355,195,28
193,311,125,28
194,534,382,29
195,397,333,29
196,396,322,29
197,39,322,29
198,378,277,29
199,406,273,29
200,334,203,29
201,353,191,29
202,294,111,29
203,390,74,29
204,396,332,30
205,39,322,30
206,414,279,30
207,378,277,30
208,333,202,30
209,342,198,30
210,295,111,30
211,390,75,30
212,397,333,31
213,321,334,31
214,39,322,31
215,454,290,31
216,254,290,31
217,335,202,31
218,348,185,31
219,390,73,31
220,397,333,32
221,321,334,32
222,39,322,32
223,338,300,32
224,93,251,32
225,335,202,32
226,346,182,32
227,295,110,32
228,396,332,33
229,393,323,33
230,39,322,33
231,254,289,33
232,389,278,33
233,335,202,33
234,342,199,33
235,343,178,33
236,295,111,33
237,391,72,33
238,396,332,34
239,392,325,34
240,39,322,34
241,337,299,34
242,453,294,34
243,254,289,34
244,456,288,34
245,414,278,34
246,334,201,34
247,342,198,34
248,252,196,34
249,341,175,34
250,304,127,34
251,289,127,34
252,312,125,34
253,295,111,34
254,390,72,34
255,397,332,35
256,392,322,35
257,39,322,35
258,337,299,35
259,453,294,35
260,456,287,35
261,91,250,35
262,342,198,35
263,339,172,35
264,304,127,35
265,289,127,35
266,312,125,35
267,390,73,35
268,397,332,36
269,39,322,36
270,337,299,36
271,377,279,36
272,253,197,36
273,337,169,36
274,390,71,36
275,302,389,37
276,39,322,37
277,381,277,37
278,335,166,37
279,390,70,37
280,302,389,38
281,397,331,38
282,39,322,38
283,397,316,38
284,333,162,38
285,390,70,38
286,302,389,39
287,39,322,39
288,493,239,39
289,331,159,39
290,313,124,39
291,302,389,40
292,397,330,40
293,39,322,40
294,397,315,40
295,336,297,40
296,376,280,40
297,452,212,40
298,328,156,40
299,295,111,40
300,302,389,41
301,39,322,41
302,397,315,41
303,254,287,41
304,452,212,41
305,326,153,41
306,302,389,42
307,531,386,42
308,39,322,42
309,396,314,42
310,91,249,42
311,452,212,42
312,324,150,42
313,530,112,42
314,302,389,43
315,397,328,43
316,39,322,43
317,397,314,43
318,454,292,43
319,457,285,43
320,322,148,43
321,297,109,43
322,302,389,44
323,39,322,44
324,454,292,44
325,458,285,44
326,391,262,44
327,321,145,44
328,530,112,44
329,302,389,45
330,397,327,45
331,39,322,45
332,396,313,45
333,454,292,45
334,458,285,45
335,396,277,45
336,319,142,45
337,530,112,45
338,297,109,45
339,302,389,46
340,39,322,46
341,386,321,46
342,397,313,46
343,336,294,46
344,454,292,46
345,458,284,46
346,318,140,46
347,426,134,46
348,314,124,46
349,530,112,46
350,302,389,47
351,386,322,47
352,39,322,47
353,386,316,47
354,397,313,47
355,454,292,47
356,337,292,47
357,458,284,47
358,316,138,47
359,314,124,47
360,391,65,47
361,302,389,48
362,39,322,48
363,385,321,48
364,396,312,48
365,335,293,48
366,458,284,48
367,314,135,48
368,314,124,48
369,391,65,48
370,302,389,49
371,39,322,49
372,385,321,49
373,396,312,49
374,335,292,49
375,313,131,49
376,302,389,50
377,397,323,50
378,385,322,50
379,39,322,50
380,396,312,50
381,335,292,50
382,455,290,50
383,458,283,50
384,374,283,50
385,424,133,50
386,297,108,50
387,390,64,50
388,302,389,51
389,39,322,51
390,384,321,51
391,397,313,51
392,335,292,51
393,455,290,51
394,459,283,51
395,90,247,51
396,449,205,51
397,255,195,51
398,298,108,51
399,392,64,51
400,400,426,52
401,302,389,52
402,39,322,52
403,384,321,52
404,396,320,52
405,397,314,52
406,455,289,52
407,459,282,52
408,424,130,52
409,302,389,53
410,39,322,53
411,384,321,53
412,397,319,53
413,455,289,53
414,458,282,53
415,389,265,53
416,315,123,53
417,307,123,53
418,302,389,54
419,385,322,54
420,39,322,54
421,396,312,54
422,459,281,54
423,302,389,55
424,39,322,55
425,384,321,55
426,396,313,55
427,460,281,55
428,253,193,55
429,302,389,56
430,39,322,56
431,373,285,56
432,459,280,56
433,392,61,56
434,302,389,57
435,39,322,57
436,384,321,57
437,455,288,57
438,460,280,57
439,310,125,57
440,316,122,57
441,302,389,58
442,39,322,58
443,385,321,58
444,455,290,58
445,350,194,58
446,347,188,58
447,316,123,58
448,39,322,59
449,455,290,59
450,334,287,59
451,461,279,59
452,316,123,59
453,39,322,60
454,455,290,60
455,334,288,60
456,460,279,60
457,350,191,60
458,316,123,60
459,392,60,60
460,39,322,61
461,253,193,61
462,316,123,61
463,392,59,61
464,301,392,62
465,39,322,62
466,456,290,62
467,334,285,62
468,461,278,62
469,250,190,62
470,345,184,62
471,316,123,62
472,392,59,62
473,39,322,63
474,87,245,63
475,355,191,63
476,345,184,63
477,316,123,63
478,303,388,64
479,39,322,64
480,255,279,64
481,461,277,64
482,345,184,64
483,316,123,64
484,392,58,64
485,39,322,65
486,456,289,65
487,389,287,65
488,333,283,65
489,461,277,65
490,347,184,65
491,316,123,65
492,39,322,66
493,456,289,66
494,356,190,66
495,249,189,66
496,347,184,66
497,316,123,66
498,303,390,67
499,39,322,67
500,254,278,67
501,461,276,67
502,395,268,67
503,358,189,67
504,348,184,67
505,316,123,67
506,305,123,67
507,39,322,68
508,416,289,68
509,356,189,68
510,347,182,68
511,393,56,68
512,39,322,69
513,456,288,69
514,403,269,69
515,397,268,69
516,248,188,69
517,393,56,69
518,39,322,70
519,456,288,70
520,462,275,70
521,398,268,70
522,247,189,70
523,39,322,71
524,456,288,71
525,414,283,71
526,248,189,71
527,317,123,71
528,394,55,71
529,39,322,72
530,415,283,72
531,298,124,72
532,531,95,72
533,394,55,72
534,39,322,73
535,248,189,73
536,301,124,73
537,414,121,73
538,39,322,74
539,301,124,74
540,394,54,74
541,39,322,75
542,255,275,75
543,301,124,75
544,293,116,75
545,394,53,75
546,39,322,76
547,558,268,76
548,86,242,76
549,547,199,76
550,301,124,76
551,442,335,77
552,39,322,77
553,301,124,77
554,394,52,77
555,39,322,78
556,457,286,78
557,85,242,78
558,301,124,78
559,395,52,78
560,39,322,79
561,84,241,79
562,497,206,79
563,547,194,79
564,301,124,79
565,39,322,80
566,301,124,80
567,395,51,80
568,305,389,81
569,39,322,81
570,496,205,81
571,301,124,81
572,395,51,81
573,305,389,82
574,39,322,82
575,458,285,82
576,279,134,82
577,301,124,82
578,251,0,82
579,39,322,83
580,458,285,83
581,349,177,83
582,277,137,83
583,301,124,83
584,251,0,83
585,39,322,84
586,275,140,84
587,301,124,84
588,39,322,85
589,463,270,85
590,374,181,85
591,350,177,85
592,273,142,85
593,301,124,85
594,396,49,85
595,39,322,86
596,463,270,86
597,375,180,86
598,271,144,86
599,301,124,86
600,250,0,86
601,39,322,87
602,329,271,87
603,445,179,87
604,301,124,87
605,250,0,87
606,39,322,88
607,267,149,88
608,250,0,88
609,532,379,89
610,39,322,89
611,463,269,89
612,242,188,89
613,265,151,89
614,300,109,89
615,250,0,89
616,39,322,90
617,459,283,90
618,264,154,90
619,300,109,90
620,249,0,90
621,531,381,91
622,39,322,91
623,427,270,91
624,82,241,91
625,376,178,91
626,351,174,91
627,262,156,91
628,396,46,91
629,248,0,91
630,39,322,92
631,376,178,92
632,260,158,92
633,301,109,92
634,248,0,92
635,39,322,93
636,459,282,93
637,463,268,93
638,241,185,93
639,258,160,93
640,397,46,93
641,247,0,93
642,39,322,94
643,437,272,94
644,431,271,94
645,239,183,94
646,377,177,94
647,301,108,94
648,397,45,94
649,247,0,94
650,39,322,95
651,326,269,95
652,377,177,95
653,255,164,95
654,397,45,95
655,246,0,95
656,39,322,96
657,437,274,96
658,377,177,96
659,351,172,96
660,253,166,96
661,301,106,96
662,397,45,96
663,245,0,96
664,39,322,97
665,460,280,97
666,325,267,97
667,78,242,97
668,251,168,97
669,302,106,97
670,397,44,97
671,245,0,97
672,39,322,98
673,379,176,98
674,250,170,98
675,301,106,98
676,397,44,98
677,244,0,98
678,308,390,99
679,39,322,99
680,358,293,99
681,461,279,99
682,255,278,99
683,494,195,99
684,248,172,99
685,303,107,99
686,244,0,99
687,39,322,100
688,358,289,100
689,461,278,100
690,324,267,100
691,77,242,100
692,247,174,100
693,302,105,100
694,243,0,100
695,437,323,101
696,39,322,101
697,461,277,101
698,464,269,101
699,76,242,101
700,245,176,101
701,242,0,101
702,39,322,102
703,462,276,102
704,463,269,102
705,76,241,102
706,237,180,102
707,244,178,102
708,241,0,102
709,532,376,103
710,436,324,103
711,39,322,103
712,463,270,103
713,303,102,103
714,240,0,103
715,532,376,104
716,39,322,104
717,303,102,104
718,397,41,104
719,240,0,104
720,532,376,105
721,320,328,105
722,39,322,105
723,304,102,105
724,398,41,105
725,240,0,105
726,309,390,106
727,532,376,106
728,321,333,106
729,39,322,106
730,398,41,106
731,239,0,106
732,532,376,107
733,39,322,107
734,304,102,107
735,398,40,107
736,239,0,107
737,532,376,108
738,39,322,108
739,73,242,108
740,246,182,108
741,238,179,108
742,398,40,108
743,238,0,108
744,309,391,109
745,532,376,109
746,39,322,109
747,459,278,109
748,453,277,109
749,537,268,109
750,73,242,109
751,247,182,109
752,304,100,109
753,398,39,109
754,238,0,109
755,532,376,110
756,322,333,110
757,321,326,110
758,39,322,110
759,455,277,110
760,247,182,110
761,241,179,110
762,398,39,110
763,238,0,110
764,532,376,111
765,39,322,111
766,321,332,111
767,324,326,111
768,462,279,111
769,456,278,111
770,72,242,111
771,248,182,111
772,398,39,111
773,238,0,111
774,308,394,112
775,532,376,112
776,39,322,112
777,322,332,112
778,320,326,112
779,536,269,112
780,431,185,112
781,249,183,112
782,242,179,112
783,378,174,112
784,305,99,112
785,238,0,112
786,532,376,113
787,434,322,113
788,39,322,113
789,322,332,113
790,325,331,113
791,352,283,113
792,459,279,113
793,249,183,113
794,354,167,113
795,238,0,113
796,532,376,114
797,434,322,114
798,39,322,114
799,321,331,114
800,249,183,114
801,243,179,114
802,376,174,114
803,239,0,114
804,532,376,115
805,39,322,115
806,321,331,115
807,70,242,115
808,250,183,115
809,532,376,116
810,39,322,116
811,321,330,116
812,250,183,116
813,532,376,117
814,39,322,117
815,321,330,117
816,377,173,117
817,306,96,117
818,39,322,118
819,320,324,118
820,481,203,118
821,429,194,118
822,251,184,118
823,307,98,118
824,39,322,119
825,321,329,119
826,319,324,119
827,68,242,119
828,428,194,119
829,252,184,119
830,306,95,119
831,39,322,120
832,320,323,120
833,68,243,120
834,427,193,120
835,252,184,120
836,379,172,120
837,308,97,120
838,398,95,120
839,39,322,121
840,321,329,121
841,325,328,121
842,319,325,121
843,320,323,121
844,475,283,121
845,469,281,121
846,426,193,121
847,381,172,121
848,397,95,121
849,39,322,122
850,322,329,122
851,476,282,122
852,470,282,122
853,425,192,122
854,253,185,122
855,246,179,122
856,382,171,122
857,398,35,122
858,239,0,122
859,39,322,123
860,425,193,123
861,357,164,123
862,397,93,123
863,239,0,123
864,311,395,124
865,39,322,124
866,321,328,124
867,319,322,124
868,66,243,124
869,309,94,124
870,239,0,124
871,322,328,125
872,326,324,125
873,473,283,125
874,316,266,125
875,435,198,125
876,310,94,125
877,238,0,125
878,474,283,126
879,316,266,126
880,435,198,126
881,521,92,126
882,398,33,126
883,310,399,127
884,475,283,127
885,316,267,127
886,384,169,127
887,396,92,127
888,397,85,127
889,239,0,127
890,321,326,128
891,326,323,128
892,358,162,128
893,396,92,128
894,397,84,128
895,239,0,128
896,425,327,129
897,324,320,129
898,345,276,129
899,64,243,129
900,421,191,129
901,388,167,129
902,396,92,129
903,397,33,129
904,322,326,130
905,421,191,130
906,389,168,130
907,358,162,130
908,397,93,130
909,240,0,130
910,321,325,131
911,326,322,131
912,314,93,131
913,396,92,131
914,396,82,131
915,312,400,132
916,321,325,132
917,420,190,132
918,391,166,132
919,359,161,132
920,396,81,132
921,241,0,132
922,312,400,133
923,322,325,133
924,324,319,133
925,420,190,133
926,396,80,133
927,397,31,133
928,241,0,133
929,420,331,134
930,322,325,134
931,326,323,134
932,244,285,134
933,420,190,134
934,396,80,134
935,318,270,135
936,420,191,135
937,519,97,135
938,396,80,135
939,397,30,135
940,242,0,135
941,525,377,136
942,419,332,136
943,316,92,136
944,396,80,136
945,525,377,137
946,324,324,137
947,325,323,137
948,328,320,137
949,421,191,137
950,397,162,137
951,396,80,137
952,397,31,137
953,243,0,137
954,525,376,138
955,328,322,138
956,59,243,138
957,433,197,138
958,421,191,138
959,398,161,138
960,318,92,138
961,396,80,138
962,243,0,138
963,325,323,139
964,329,319,139
965,323,317,139
966,477,207,139
967,422,191,139
968,267,186,139
969,318,92,139
970,396,80,139
971,396,29,139
972,244,0,139
973,525,375,140
974,329,321,140
975,58,243,140
976,477,206,140
977,271,200,140
978,265,199,140
979,526,198,140
980,421,191,140
981,397,91,140
982,396,80,140
983,397,28,140
984,244,0,140
985,330,318,141
986,477,206,141
987,422,192,141
988,270,186,141
989,401,160,141
990,397,91,141
991,396,28,141
992,244,0,141
993,330,320,142
994,432,196,142
995,422,192,142
996,271,186,142
997,397,91,142
998,320,91,142
999,396,80,142
1000,396,28,142
1001,245,0,142
1002,326,321,143
1003,331,317,143
1004,329,315,143
1005,328,314,143
1006,492,288,143
1007,486,287,143
1008,432,196,143
1009,422,192,143
1010,272,186,143
1011,519,97,143
1012,397,91,143
1013,396,81,143
1014,396,28,143
1015,245,0,143
1016,414,337,144
1017,326,320,144
1018,476,208,144
1019,276,200,144
1020,270,200,144
1021,423,192,144
1022,274,187,144
1023,397,91,144
1024,397,81,144
1025,396,28,144
1026,245,0,144
1027,328,320,145
1028,329,313,145
1029,334,279,145
1030,423,192,145
1031,275,186,145
1032,519,99,145
1033,397,91,145
1034,397,82,145
1035,396,28,145
1036,245,0,145
1037,329,320,146
1038,333,315,146
1039,329,313,146
1040,334,280,146
1041,423,192,146
1042,276,186,146
1043,408,156,146
1044,397,91,146
1045,397,82,146
1046,396,28,146
1047,333,279,147
1048,274,200,147
1049,431,196,147
1050,424,192,147
1051,277,186,147
1052,519,101,147
1053,323,92,147
1054,397,91,147
1055,397,83,147
1056,396,28,147
1057,246,0,147
1058,330,319,148
1059,333,279,148
1060,430,195,148
1061,412,153,148
1062,397,92,148
1063,397,83,148
1064,396,28,148
1065,246,0,148
1066,413,338,149
1067,333,279,149
1068,397,92,149
1069,397,84,149
1070,246,0,149
1071,242,288,150
1072,536,267,150
1073,525,201,150
1074,397,92,150
1075,397,85,150
1076,397,28,150
1077,246,0,150
1078,316,405,151
1079,333,310,151
1080,397,28,151
1081,246,0,151
1082,316,406,152
1083,338,311,152
1084,475,208,152
1085,246,0,152
1086,317,406,153
1087,336,315,153
1088,339,310,153
1089,244,287,153
1090,52,242,153
1091,526,199,153
1092,326,90,153
1093,398,28,153
1094,246,0,153
1095,337,315,154
1096,339,314,154
1097,340,310,154
1098,526,199,154
1099,326,89,154
1100,398,28,154
1101,246,0,154
1102,340,313,155
1103,288,187,155
1104,246,0,155
1105,336,312,156
1106,51,242,156
1107,424,192,156
1108,290,188,156
1109,426,151,156
1110,399,28,156
1111,246,0,156
1112,338,313,157
1113,424,192,157
1114,291,187,157
1115,400,28,157
1116,246,0,157
1117,341,312,158
1118,432,196,158
1119,423,192,158
1120,293,187,158
1121,430,151,158
1122,400,28,158
1123,246,0,158
1124,319,403,159
1125,502,291,159
1126,330,268,159
1127,475,210,159
1128,433,197,159
1129,423,192,159
1130,429,150,159
1131,398,93,159
1132,330,89,159
1133,400,28,159
1134,246,0,159
1135,340,311,160
1136,345,310,160
1137,245,289,160
1138,329,267,160
1139,423,192,160
1140,296,187,160
1141,401,28,160
1142,246,0,160
1143,342,310,161
1144,346,309,161
1145,329,267,161
1146,419,198,161
1147,423,192,161
1148,432,150,161
1149,401,28,161
1150,246,0,161
1151,321,405,162
1152,345,309,162
1153,347,307,162
1154,50,242,162
1155,423,192,162
1156,299,188,162
1157,402,28,162
1158,246,0,162
1159,346,307,163
1160,328,266,163
1161,51,245,163
1162,300,188,163
1163,332,87,163
1164,402,28,163
1165,246,0,163
1166,320,406,164
1167,346,308,164
1168,334,277,164
1169,435,198,164
1170,423,192,164
1171,402,27,164
1172,246,0,164
1173,321,406,165
1174,345,306,165
1175,351,303,165
1176,50,242,165
1177,303,188,165
1178,403,27,165
1179,246,0,165
1180,348,306,166
1181,352,300,166
1182,304,188,166
1183,403,27,166
1184,246,0,166
1185,353,301,167
1186,351,299,167
1187,325,269,167
1188,546,257,167
1189,50,242,167
1190,369,152,167
1191,246,0,167
1192,322,406,168
1193,352,304,168
1194,354,303,168
1195,307,189,168
1196,335,86,168
1197,404,27,168
1198,246,0,168
1199,525,371,169
1200,353,303,169
1201,355,302,169
1202,329,263,169
1203,425,192,169
1204,308,189,169
1205,446,147,169
1206,404,27,169
1207,246,0,169
1208,323,407,170
1209,525,372,170
1210,357,299,170
1211,338,278,170
1212,49,244,170
1213,425,193,170
1214,309,189,170
1215,448,147,170
1216,405,27,170
1217,246,0,170
1218,358,298,171
1219,329,262,171
1220,310,189,171
1221,526,108,171
1222,405,27,171
1223,246,0,171
1224,324,407,172
1225,359,296,172
1226,328,262,172
1227,439,201,172
1228,426,193,172
1229,453,147,172
1230,337,85,172
1231,246,0,172
1232,360,298,173
1233,48,242,173
1234,427,192,173
1235,337,85,173
1236,406,27,173
1237,246,0,173
1238,358,299,174
1239,361,298,174
1240,48,242,174
1241,428,193,174
1242,337,86,174
1243,407,27,174
1244,246,0,174
1245,408,354,175
1246,357,297,175
1247,358,291,175
1248,428,194,175
1249,339,86,175
1250,407,27,175
1251,246,0,175
1252,408,354,176
1253,247,288,176
1254,362,290,176
1255,328,261,176
1256,47,244,176
1257,429,194,176
1258,458,146,176
1259,339,84,176
1260,408,27,176
1261,246,0,176
1262,247,288,177
1263,46,242,177
1264,408,27,177
1265,246,0,177
1266,408,355,178
1267,363,294,178
1268,325,261,178
1269,430,195,178
1270,319,190,178
1271,312,190,178
1272,461,145,178
1273,408,27,178
1274,246,0,178
1275,248,288,179
1276,324,261,179
1277,341,84,179
1278,409,27,179
1279,246,0,179
1280,345,281,180
1281,322,190,180
1282,374,150,180
1283,465,146,180
1284,341,83,180
1285,409,27,180
1286,246,0,180
1287,366,293,181
1288,367,291,181
1289,324,190,181
1290,342,83,181
1291,246,0,181
1292,366,292,182
1293,368,285,182
1294,326,190,182
1295,374,151,182
1296,246,0,182
1297,371,287,183
1298,366,284,183
1299,327,190,183
1300,411,27,183
1301,246,0,183
1302,443,204,184
1303,329,190,184
1304,246,0,184
1305,369,290,185
1306,373,286,185
1307,330,190,185
1308,475,148,185
1309,412,27,185
1310,246,0,185
1311,370,289,186
1312,374,285,186
1313,372,283,186
1314,443,204,186
1315,332,190,186
1316,475,147,186
1317,246,0,186
1318,370,282,187
1319,443,204,187
1320,333,190,187
1321,412,27,187
1322,246,0,187
1323,371,287,188
1324,328,260,188
1325,335,190,188
1326,378,151,188
1327,413,27,188
1328,246,0,188
1329,371,287,189
1330,337,205,189
1331,433,197,189
1332,336,190,189
1333,480,149,189
1334,246,0,189
1335,351,283,190
1336,378,283,190
1337,433,196,190
1338,413,27,190
1339,246,0,190
1340,352,283,191
1341,373,286,191
1342,378,284,191
1343,433,196,191
1344,330,191,191
1345,338,190,191
1346,350,82,191
1347,246,0,191
1348,353,282,192
1349,375,285,192
1350,373,280,192
1351,374,279,192
1352,433,196,192
1353,485,150,192
1354,413,26,192
1355,246,0,192
1356,376,284,193
1357,433,196,193
1358,333,191,193
1359,341,190,193
1360,413,26,193
1361,246,0,193
1362,379,283,194
1363,381,282,194
1364,433,196,194
1365,342,190,194
1366,414,26,194
1367,246,0,194
1368,419,357,195
1369,315,260,195
1370,432,195,195
1371,344,191,195
1372,381,148,195
1373,414,26,195
1374,246,0,195
1375,383,281,196
1376,440,202,196
1377,431,195,196
1378,338,192,196
1379,345,191,196
1380,494,152,196
1381,415,26,196
1382,246,0,196
1383,384,277,197
1384,329,263,197
1385,345,191,197
1386,355,84,197
1387,246,0,197
1388,357,285,198
1389,381,281,198
1390,379,280,198
1391,380,274,198
1392,314,261,198
1393,430,193,198
1394,346,191,198
1395,356,84,198
1396,416,26,198
1397,246,0,198
1398,570,273,199
1399,382,278,199
1400,386,276,199
1401,429,194,199
1402,357,83,199
1403,246,0,199
1404,358,285,200
1405,387,275,200
1406,40,242,200
1407,428,194,200
1408,358,84,200
1409,417,26,200
1410,246,0,200
1411,258,288,201
1412,328,258,201
1413,384,147,201
1414,359,84,201
1415,246,0,201
1416,426,193,202
1417,360,85,202
1418,387,277,203
1419,389,274,203
1420,40,242,203
1421,426,192,203
1422,361,85,203
1423,247,0,203
1424,386,275,204
1425,391,273,204
1426,387,269,204
1427,425,192,204
1428,361,85,204
1429,247,0,204
1430,388,276,205
1431,387,269,205
1432,424,192,205
1433,362,85,205
1434,419,26,205
1435,247,0,205
1436,388,275,206
1437,390,268,206
1438,328,256,206
1439,423,192,206
1440,356,187,206
1441,509,153,206
1442,364,84,206
1443,391,274,207
1444,359,183,207
1445,365,84,207
1446,420,26,207
1447,248,0,207
1448,261,288,208
1449,575,277,208
1450,352,192,208
1451,361,177,208
1452,366,84,208
1453,248,0,208
1454,334,405,209
1455,395,269,209
1456,364,173,209
1457,366,85,209
1458,249,0,209
1459,334,405,210
1460,368,283,210
1461,485,262,210
1462,367,168,210
1463,391,143,210
1464,422,26,210
1465,249,0,210
1466,481,267,211
1467,396,268,211
1468,391,265,211
1469,355,193,211
1470,369,164,211
1471,367,83,211
1472,426,44,211
1473,250,0,211
1474,368,284,212
1475,393,272,212
1476,394,271,212
1477,396,267,212
1478,392,265,212
1479,372,159,212
1480,368,83,212
1481,423,26,212
1482,250,0,212
1483,334,405,213
1484,262,288,213
1485,578,278,213
1486,395,265,213
1487,419,192,213
1488,354,190,213
1489,375,155,213
1490,368,84,213
1491,433,42,213
1492,251,0,213
1493,334,405,214
1494,393,270,214
1495,377,151,214
1496,423,26,214
1497,251,0,214
1498,263,288,215
1499,391,270,215
1500,396,264,215
1501,358,193,215
1502,425,26,215
1503,395,270,216
1504,382,142,216
1505,369,84,216
1506,419,43,216
1507,252,0,216
1508,265,286,217
1509,399,265,217
1510,570,203,217
1511,419,190,217
1512,434,41,217
1513,425,25,217
1514,370,282,218
1515,397,269,218
1516,419,190,218
1517,253,0,218
1518,435,353,219
1519,489,261,219
1520,394,263,219
1521,419,188,219
1522,370,82,219
1523,432,41,219
1524,426,25,219
1525,253,0,219
1526,489,261,220
1527,396,269,220
1528,400,264,220
1529,357,189,220
1530,420,188,220
1531,254,0,220
1532,267,285,221
1533,254,0,221
1534,398,268,222
1535,359,190,222
1536,370,80,222
1537,565,295,223
1538,559,295,223
1539,397,268,223
1540,401,264,223
1541,430,195,223
1542,422,191,223
1543,358,188,223
1544,427,24,223
1545,255,0,223
1546,267,284,224
1547,398,268,224
1548,399,261,224
1549,256,0,224
1550,372,277,225
1551,489,261,225
1552,397,267,225
1553,401,266,225
1554,323,239,225
1555,370,79,225
1556,430,41,225
1557,436,39,225
1558,256,0,225
1559,39,241,226
1560,369,78,226
1561,257,0,226
1562,541,150,227
1563,428,23,227
1564,258,0,227
1565,269,283,228
1566,399,267,228
1567,400,260,228
1568,542,151,228
1569,424,40,228
1570,428,24,228
1571,258,0,228
1572,398,266,229
1573,545,150,229
1574,428,22,229
1575,259,0,229
1576,399,266,230
1577,401,260,230
1578,259,0,230
1579,492,257,231
1580,401,265,231
1581,401,259,231
1582,547,150,231
1583,406,136,231
1584,260,0,231
1585,375,273,232
1586,492,257,232
1587,398,265,232
1588,399,259,232
1589,530,195,232
1590,425,39,232
1591,429,21,232
1592,260,0,232
1593,404,261,233
1594,402,259,233
1595,367,74,233
1596,432,39,233
1597,429,21,233
1598,402,265,234
1599,366,75,234
1600,419,34,234
1601,261,0,234
1602,401,265,235
1603,329,246,235
1604,366,74,235
1605,430,20,235
1606,261,0,235
1607,273,281,236
1608,405,260,236
1609,436,177,236
1610,366,74,236
1611,262,0,236
1612,375,269,237
1613,553,147,237
1614,414,135,237
1615,262,0,237
1616,566,281,238
1617,406,258,238
1618,319,235,238
1619,421,62,238
1620,420,33,238
1621,263,0,238
1622,456,336,239
1623,406,259,239
1624,401,257,239
1625,553,147,239
1626,263,0,239
1627,376,267,240
1628,404,263,240
1629,555,147,240
1630,430,19,240
1631,264,0,240
1632,407,258,241
1633,406,256,241
1634,329,242,241
1635,556,146,241
1636,425,53,241
1637,427,39,241
1638,421,39,241
1639,434,37,241
1640,424,33,241
1641,431,19,241
1642,265,0,241
1643,542,185,242
1644,555,146,242
1645,426,50,242
1646,431,19,242
1647,265,0,242
1648,341,401,243
1649,276,279,243
1650,404,262,243
1651,408,258,243
1652,403,255,243
1653,40,237,243
1654,453,167,243
1655,558,145,243
1656,364,69,243
1657,431,19,243
1658,266,0,243
1659,406,261,244
1660,333,229,244
1661,557,145,244
1662,429,44,244
1663,432,18,244
1664,267,0,244
1665,343,400,245
1666,409,257,245
1667,40,236,245
1668,558,145,245
1669,362,67,245
1670,428,36,245
1671,432,18,245
1672,267,0,245
1673,343,400,246
1674,278,278,246
1675,407,260,246
1676,41,236,246
1677,432,18,246
1678,268,0,246
1679,406,260,247
1680,559,144,247
1681,447,88,247
1682,268,0,247
1683,334,227,248
1684,562,144,248
1685,361,67,248
1686,432,18,248
1687,269,0,248
1688,344,399,249
1689,407,259,249
1690,411,254,249
1691,406,252,249
1692,334,227,249
1693,453,168,249
1694,571,113,249
1695,269,0,249
1696,409,258,250
1697,331,235,250
1698,362,65,250
1699,436,34,250
1700,423,30,250
1701,435,26,250
1702,433,17,250
1703,269,0,250
1704,447,431,251
1705,380,260,251
1706,412,254,251
1707,435,127,251
1708,448,430,252
1709,573,266,252
1710,381,260,252
1711,41,235,252
1712,357,173,252
1713,565,141,252
1714,361,64,252
1715,449,429,253
1716,407,256,253
1717,413,253,253
1718,564,141,253
1719,360,64,253
1720,270,0,253
1721,450,429,254
1722,380,257,254
1723,335,225,254
1724,357,172,254
1725,443,32,254
1726,271,0,254
1727,381,258,255
1728,414,252,255
1729,335,225,255
1730,360,63,255
1731,431,34,255
1732,271,0,255
1733,582,263,256
1734,576,262,256
1735,412,255,256
1736,333,230,256
1737,566,139,256
1738,272,0,256
1739,577,261,257
1740,383,257,257
1741,410,254,257
1742,41,234,257
1743,360,61,257
1744,439,34,257
1745,426,30,257
1746,273,0,257
1747,584,261,258
1748,578,260,258
1749,415,250,258
1750,410,247,258
1751,41,233,258
1752,335,225,258
1753,433,35,258
1754,273,0,258
1755,579,259,259
1756,412,254,259
1757,416,250,259
1758,334,225,259
1759,357,169,259
1760,446,33,259
1761,274,0,259
1762,348,394,260
1763,580,258,260
1764,381,255,260
1765,414,253,260
1766,416,252,260
1767,335,225,260
1768,360,169,260
1769,358,58,260
1770,413,253,261
1771,417,249,261
1772,571,136,261
1773,451,123,261
1774,275,0,261
1775,384,253,262
1776,413,252,262
1777,358,166,262
1778,359,58,262
1779,418,247,263
1780,416,245,263
1781,360,167,263
1782,358,58,263
1783,436,36,263
1784,276,0,263
1785,584,253,264
1786,629,240,264
1787,415,251,264
1788,419,247,264
1789,412,245,264
1790,358,165,264
1791,358,56,264
1792,276,0,264
1793,417,250,265
1794,419,245,265
1795,417,244,265
1796,358,56,265
1797,292,274,266
1798,415,249,266
1799,420,245,266
1800,418,243,266
1801,277,0,266
1802,417,248,267
1803,42,231,267
1804,358,163,267
1805,642,245,268
1806,417,248,268
1807,421,246,268
1808,357,54,268
1809,278,0,268
1810,350,395,269
1811,293,272,269
1812,642,249,269
1813,418,247,269
1814,458,70,269
1815,357,53,269
1816,279,0,269
1817,293,272,270
1818,421,240,270
1819,359,163,270
1820,279,0,270
1821,424,242,271
1822,357,52,271
1823,453,20,271
1824,447,20,271
1825,280,0,271
1826,643,241,272
1827,421,245,272
1828,359,161,272
1829,454,19,272
1830,643,240,273
1831,423,244,273
1832,360,160,273
1833,355,50,273
1834,456,19,273
1835,448,19,273
1836,281,0,273
1837,352,394,274
1838,424,243,274
1839,360,161,274
1840,577,125,274
1841,356,50,274
1842,446,37,274
1843,449,19,274
1844,282,0,274
1845,352,394,275
1846,356,49,275
1847,447,37,275
1848,283,0,275
1849,353,393,276
1850,296,270,276
1851,577,102,276
1852,355,49,276
1853,452,19,276
1854,461,18,276
1855,283,0,276
1856,353,393,277
1857,429,236,277
1858,355,48,277
1859,454,19,277
1860,462,18,277
1861,284,0,277
1862,354,393,278
1863,463,111,278
1864,463,18,278
1865,285,0,278
1866,428,239,279
1867,577,122,279
1868,464,110,279
1869,457,18,279
1870,464,17,279
1871,286,0,279
1872,354,393,280
1873,429,238,280
1874,466,17,280
1875,287,0,280
1876,636,241,281
1877,430,237,281
1878,354,46,281
1879,459,18,281
1880,467,17,281
1881,288,0,281
1882,642,250,282
1883,354,45,282
1884,463,35,282
1885,450,31,282
1886,460,18,282
1887,468,16,282
1888,289,0,282
1889,514,290,283
1890,434,231,283
1891,469,55,283
1892,354,45,283
1893,469,16,283
1894,289,0,283
1895,608,233,284
1896,602,232,284
1897,435,229,284
1898,433,228,284
1899,470,107,284
1900,466,35,284
1901,463,18,284
1902,470,16,284
1903,290,0,284
1904,642,248,285
1905,641,236,285
1906,433,234,285
1907,580,118,285
1908,355,43,285
1909,471,16,285
1910,645,234,286
1911,433,233,286
1912,364,156,286
1913,355,42,286
1914,291,0,286
1915,644,233,287
1916,433,232,287
1917,437,230,287
1918,365,156,287
1919,291,0,287
1920,642,244,288
1921,644,233,288
1922,434,231,288
1923,438,226,288
1924,471,101,288
1925,356,42,288
1926,643,244,289
1927,645,233,289
1928,437,230,289
1929,292,0,289
1930,643,243,290
1931,645,233,290
1932,440,225,290
1933,438,223,290
1934,581,105,290
1935,292,0,290
1936,643,239,291
1937,645,233,291
1938,435,228,291
1939,441,225,291
1940,481,15,291
1941,293,0,291
1942,437,228,292
1943,441,223,292
1944,436,221,292
1945,465,36,292
1946,478,33,292
1947,475,16,292
1948,483,15,292
1949,293,0,292
1950,440,227,293
1951,440,221,293
1952,361,41,293
1953,483,32,293
1954,486,15,293
1955,294,0,293
1956,645,236,294
1957,440,227,294
1958,586,103,294
1959,488,15,294
1960,294,0,294
1961,399,234,295
1962,443,222,295
1963,441,220,295
1964,476,31,295
1965,470,29,295
1966,480,16,295
1967,490,15,295
1968,294,0,295
1969,647,235,296
1970,438,226,296
1971,444,222,296
1972,361,41,296
1973,493,15,296
1974,295,0,296
1975,47,225,297
1976,442,225,297
1977,444,223,297
1978,363,37,297
1979,483,16,297
1980,295,0,297
1981,445,218,298
1982,364,37,298
1983,488,33,298
1984,485,18,298
1985,497,15,298
1986,296,0,298
1987,401,231,299
1988,367,151,299
1989,365,37,299
1990,499,15,299
1991,296,0,299
1992,442,224,300
1993,446,217,300
1994,500,15,300
1995,488,15,300
1996,297,0,300
1997,369,150,301
1998,502,15,301
1999,297,0,301
2000,447,220,302
2001,504,15,302
2002,298,0,302
2003,597,107,303
2004,497,33,303
2005,506,15,303
2006,299,0,303
2007,365,388,304
2008,443,222,304
2009,368,147,304
2010,591,102,304
2011,484,92,304
2012,486,35,304
2013,499,32,304
2014,508,15,304
2015,496,15,304
2016,300,0,304
2017,366,389,305
2018,444,222,305
2019,445,221,305
2020,591,102,305
2021,509,15,305
2022,498,15,305
2023,300,0,305
2024,448,217,306
2025,370,150,306
2026,611,141,306
2027,592,101,306
2028,486,90,306
2029,511,15,306
2030,500,15,306
2031,301,0,306
2032,48,222,307
2033,444,221,307
2034,448,219,307
2035,611,141,307
2036,508,31,307
2037,512,14,307
2038,302,0,307
2039,449,217,308
2040,444,214,308
2041,611,141,308
2042,514,14,308
2043,303,0,308
2044,670,232,309
2045,405,226,309
2046,445,220,309
2047,370,145,309
2048,611,141,309
2049,488,88,309
2050,516,14,309
2051,304,0,309
2052,407,226,310
2053,446,220,310
2054,450,216,310
2055,370,145,310
2056,611,141,310
2057,508,15,310
2058,304,0,310
2059,450,215,311
2060,371,144,311
2061,518,31,311
2062,509,15,311
2063,305,0,311
2064,670,235,312
2065,670,227,312
2066,446,219,312
2067,377,39,312
2068,514,32,312
2069,501,28,312
2070,511,15,312
2071,520,14,312
2072,306,0,312
2073,670,236,313
2074,658,229,313
2075,670,227,313
2076,451,215,313
2077,609,108,313
2078,595,97,313
2079,513,15,313
2080,521,14,313
2081,307,0,313
2082,670,226,314
2083,49,220,314
2084,447,218,314
2085,451,213,314
2086,493,86,314
2087,521,31,314
2088,515,15,314
2089,522,14,314
2090,307,0,314
2091,670,237,315
2092,670,226,315
2093,446,217,315
2094,452,214,315
2095,336,190,315
2096,371,143,315
2097,614,140,315
2098,596,95,315
2099,495,84,315
2100,523,31,315
2101,524,15,315
2102,517,15,315
2103,308,0,315
2104,671,226,316
2105,452,213,316
2106,450,211,316
2107,614,140,316
2108,494,84,316
2109,525,14,316
2110,308,0,316
2111,671,226,317
2112,449,217,317
2113,450,210,317
2114,614,140,317
2115,596,95,317
2116,497,84,317
2117,309,0,317
2118,319,262,318
2119,671,238,318
2120,50,220,318
2121,309,0,318
2122,671,238,319
2123,449,216,319
2124,451,209,319
2125,372,142,319
2126,381,35,319
2127,309,0,319
2128,320,262,320
2129,670,239,320
2130,50,219,320
2131,448,215,320
2132,373,141,320
2133,598,95,320
2134,382,35,320
2135,519,29,320
2136,310,0,320
2137,670,239,321
2138,636,226,321
2139,454,211,321
2140,452,209,321
2141,373,141,321
2142,310,0,321
2143,322,262,322
2144,670,239,322
2145,51,218,322
2146,454,214,322
2147,532,33,322
2148,538,31,322
2149,311,0,322
2150,671,239,323
2151,451,215,323
2152,454,214,323
2153,312,0,323
2154,322,261,324
2155,50,217,324
2156,455,210,324
2157,453,207,324
2158,539,16,324
2159,414,220,325
2160,455,210,325
2161,451,207,325
2162,374,140,325
2163,540,16,325
2164,534,16,325
2165,313,0,325
2166,50,217,326
2167,451,214,326
2168,455,213,326
2169,528,34,326
2170,542,16,326
2171,535,16,326
2172,314,0,326
2173,324,261,327
2174,646,231,327
2175,640,230,327
2176,453,213,327
2177,456,210,327
2178,613,143,327
2179,603,96,327
2180,386,35,327
2181,543,16,327
2182,315,0,327
2183,671,240,328
2184,670,225,328
2185,50,216,328
2186,456,209,328
2187,449,209,328
2188,375,139,328
2189,602,97,328
2190,546,32,328
2191,545,17,328
2192,538,16,328
2193,315,0,328
2194,670,240,329
2195,670,225,329
2196,452,213,329
2197,375,138,329
2198,387,35,329
2199,546,17,329
2200,540,17,329
2201,316,0,329
2202,670,240,330
2203,670,226,330
2204,418,219,330
2205,52,217,330
2206,453,213,330
2207,456,211,330
2208,548,17,330
2209,541,17,330
2210,316,0,330
2211,670,240,331
2212,670,226,331
2213,452,212,331
2214,568,107,331
2215,509,80,331
2216,536,34,331
2217,550,17,331
2218,542,17,331
2219,316,0,331
2220,670,240,332
2221,670,227,332
2222,452,212,332
2223,457,208,332
2224,455,206,332
2225,453,205,332
2226,510,80,332
2227,389,35,332
2228,317,0,332
2229,381,384,333
2230,670,240,333
2231,670,227,333
2232,419,216,333
2233,457,211,333
2234,377,138,333
2235,607,98,333
2236,511,78,333
2237,553,33,333
2238,545,17,333
2239,317,0,333
2240,670,240,334
2241,670,227,334
2242,51,215,334
2243,455,211,334
2244,377,138,334
2245,555,33,334
2246,554,17,334
2247,318,0,334
2248,671,240,335
2249,671,228,335
2250,419,217,335
2251,51,214,335
2252,609,100,335
2253,514,78,335
2254,556,18,335
2255,547,17,335
2256,318,0,335
2257,670,239,336
2258,671,229,336
2259,51,214,336
2260,454,211,336
2261,391,35,336
2262,557,19,336
2263,549,17,336
2264,319,0,336
2265,384,384,337
2266,671,239,337
2267,672,229,337
2268,455,211,337
2269,456,209,337
2270,516,79,337
2271,392,35,337
2272,558,18,337
2273,551,18,337
2274,320,0,337
2275,385,384,338
2276,456,210,338
2277,615,102,338
2278,516,77,338
2279,555,35,338
2280,392,35,338
2281,559,19,338
2282,552,18,338
2283,320,0,338
2284,385,384,339
2285,422,216,339
2286,457,204,339
2287,378,135,339
2288,393,35,339
2289,560,19,339
2290,554,18,339
2291,321,0,339
2292,386,384,340
2293,670,338,340
2294,330,259,340
2295,456,210,340
2296,457,203,340
2297,520,78,340
2298,395,35,340
2299,321,0,340
2300,387,384,341
2301,651,233,341
2302,53,214,341
2303,456,210,341
2304,457,209,341
2305,574,105,341
2306,520,78,341
2307,396,35,341
2308,322,0,341
2309,53,213,342
2310,379,134,342
2311,620,103,342
2312,396,35,342
2313,323,0,342
2314,389,382,343
2315,331,259,343
2316,653,235,343
2317,647,234,343
2318,456,209,343
2319,460,203,343
2320,458,202,343
2321,379,134,343
2322,521,76,343
2323,397,35,343
2324,323,0,343
2325,551,392,344
2326,389,383,344
2327,333,259,344
2328,648,234,344
2329,53,212,344
2330,398,35,344
2331,324,0,344
2332,675,232,345
2333,54,212,345
2334,458,208,345
2335,399,35,345
2336,324,0,345
2337,390,383,346
2338,675,233,346
2339,461,204,346
2340,380,133,346
2341,623,107,346
2342,400,35,346
2343,325,0,346
2344,671,342,347
2345,670,334,347
2346,54,212,347
2347,457,208,347
2348,461,204,347
2349,380,133,347
2350,400,35,347
2351,325,0,347
2352,670,333,348
2353,675,236,348
2354,402,35,348
2355,574,21,348
2356,325,0,348
2357,670,344,349
2358,658,336,349
2359,670,333,349
2360,754,236,349
2361,462,202,349
2362,402,35,349
2363,326,0,349
2364,670,343,350
2365,658,337,350
2366,671,334,350
2367,458,207,350
2368,462,203,350
2369,460,201,350
2370,458,200,350
2371,381,132,350
2372,638,115,350
2373,628,111,350
2374,573,38,350
2375,403,35,350
2376,578,22,350
2377,570,21,350
2378,326,0,350
2379,670,344,351
2380,670,332,351
2381,334,258,351
2382,458,200,351
2383,381,132,351
2384,639,115,351
2385,580,23,351
2386,326,0,351
2387,560,389,352
2388,670,332,352
2389,460,206,352
2390,581,22,352
2391,326,0,352
2392,670,332,353
2393,54,210,353
2394,458,206,353
2395,463,202,353
2396,670,174,353
2397,640,118,353
2398,581,38,353
2399,584,24,353
2400,326,0,353
2401,671,344,354
2402,670,332,354
2403,754,235,354
2404,463,202,354
2405,457,200,354
2406,408,34,354
2407,584,23,354
2408,327,0,354
2409,671,344,355
2410,671,332,355
2411,55,210,355
2412,460,206,355
2413,671,181,355
2414,670,172,355
2415,409,34,355
2416,586,24,355
2417,578,22,355
2418,327,0,355
2419,671,344,356
2420,671,332,356
2421,55,210,356
2422,670,183,356
2423,670,172,356
2424,411,34,356
2425,587,24,356
2426,580,23,356
2427,327,0,356
2428,671,332,357
2429,754,234,357
2430,754,227,357
2431,434,211,357
2432,459,205,357
2433,596,96,357
2434,589,24,357
2435,582,23,357
2436,327,0,357
2437,670,345,358
2438,680,237,358
2439,754,227,358
2440,464,201,358
2441,671,183,358
2442,671,172,358
2443,413,34,358
2444,590,24,358
2445,327,0,358
2446,670,345,359
2447,754,228,359
2448,55,210,359
2449,464,201,359
2450,462,198,359
2451,587,41,359
2452,591,24,359
2453,328,0,359
2454,670,345,360
2455,754,229,360
2456,462,198,360
2457,671,184,360
2458,417,34,360
2459,592,25,360
2460,328,0,360
2461,670,345,361
2462,460,204,361
2463,462,197,361
2464,385,131,361
2465,594,25,361
2466,587,24,361
2467,328,0,361
2468,56,210,362
2469,461,204,362
2470,329,0,362
2471,670,170,363
2472,599,40,363
2473,329,0,363
2474,670,330,364
2475,670,241,364
2476,664,241,364
2477,57,210,364
2478,465,199,364
2479,671,185,364
2480,670,170,364
2481,385,128,364
2482,330,0,364
2483,670,330,365
2484,686,235,365
2485,461,203,365
2486,465,199,365
2487,671,185,365
2488,670,170,365
2489,425,34,365
2490,330,0,365
2491,670,330,366
2492,57,210,366
2493,462,203,366
2494,670,185,366
2495,670,170,366
2496,603,41,366
2497,427,33,366
2498,331,0,366
2499,405,381,367
2500,671,344,367
2501,671,329,367
2502,441,209,367
2503,463,202,367
2504,670,185,367
2505,670,170,367
2506,605,41,367
2507,428,34,367
2508,331,0,367
2509,670,343,368
2510,671,329,368
2511,58,210,368
2512,466,198,368
2513,670,185,368
2514,670,170,368
2515,606,41,368
2516,430,33,368
2517,604,26,368
2518,598,25,368
2519,332,0,368
2520,671,343,369
2521,672,329,369
2522,462,202,369
2523,466,198,369
2524,671,185,369
2525,671,170,369
2526,608,41,369
2527,432,33,369
2528,333,0,369
2529,670,341,370
2530,672,329,370
2531,58,209,370
2532,597,191,370
2533,463,202,370
2534,671,185,370
2535,671,170,370
2536,607,26,370
2537,333,0,370
2538,670,340,371
2539,462,201,371
2540,671,185,371
2541,670,131,371
2542,670,121,371
2543,612,80,371
2544,609,26,371
2545,601,25,371
2546,334,0,371
2547,670,338,372
2548,671,329,372
2549,60,209,372
2550,462,201,372
2551,467,197,372
2552,671,185,372
2553,670,133,372
2554,670,121,372
2555,610,26,372
2556,334,0,372
2557,445,209,373
2558,467,195,373
2559,463,194,373
2560,670,184,373
2561,670,134,373
2562,670,120,373
2563,438,34,373
2564,335,0,373
2565,447,210,374
2566,467,199,374
2567,670,183,374
2568,670,173,374
2569,387,130,374
2570,670,120,374
2571,614,27,374
2572,335,0,374
2573,672,332,375
2574,465,200,375
2575,670,182,375
2576,670,173,375
2577,670,135,375
2578,671,120,375
2579,608,26,375
2580,335,0,375
2581,59,209,376
2582,468,196,376
2583,462,194,376
2584,658,138,376
2585,670,135,376
2586,617,27,376
2587,336,0,376
2588,413,378,377
2589,465,200,377
2590,468,196,377
2591,464,193,377
2592,670,135,377
2593,616,80,377
2594,560,76,377
2595,617,42,377
2596,611,26,377
2597,336,0,377
2598,672,177,378
2599,671,135,378
2600,670,121,378
2601,448,32,378
2602,620,27,378
2603,613,26,378
2604,337,0,378
2605,415,378,379
2606,466,199,379
2607,469,196,379
2608,660,139,379
2609,670,134,379
2610,671,121,379
2611,621,27,379
2612,613,26,379
2613,337,0,379
2614,416,377,380
2615,465,199,380
2616,469,195,380
2617,467,193,380
2618,671,134,380
2619,670,122,380
2620,623,42,380
2621,622,27,380
2622,614,26,380
2623,337,0,380
2624,345,256,381
2625,469,194,381
2626,467,192,381
2627,670,132,381
2628,671,122,381
2629,623,27,381
2630,337,0,381
2631,467,198,382
2632,338,0,382
2633,419,376,383
2634,468,192,383
2635,626,27,383
2636,620,27,383
2637,338,0,383
2638,459,31,384
2639,627,27,384
2640,621,27,384
2641,338,0,384
2642,614,190,385
2643,467,198,385
2644,470,196,385
2645,421,377,386
2646,667,136,386
2647,675,128,386
2648,339,0,386
2649,347,256,387
2650,466,197,387
2651,471,193,387
2652,339,0,387
2653,456,211,388
2654,62,209,388
2655,467,197,388
2656,471,195,388
2657,339,0,388
2658,681,244,389
2659,675,243,389
2660,468,197,389
2661,571,75,389
2662,634,27,389
2663,339,0,389
2664,472,192,390
2665,572,76,390
2666,623,45,390
2667,635,43,390
2668,629,27,390
2669,339,0,390
2670,459,210,391
2671,674,134,391
2672,637,28,391
2673,339,0,391
2674,698,242,392
2675,460,211,392
2676,673,134,392
2677,626,45,392
2678,639,44,392
2679,639,27,392
2680,632,27,392
2681,339,0,392
2682,350,256,393
2683,461,211,393
2684,472,189,393
2685,674,133,393
2686,573,73,393
2687,641,27,393
2688,339,0,393
2689,471,195,394
2690,675,133,394
2691,476,30,394
2692,642,27,394
2693,635,27,394
2694,339,0,394
2695,471,195,395
2696,471,188,395
2697,670,156,395
2698,671,150,395
2699,685,135,395
2700,678,132,395
2701,574,73,395
2702,645,43,395
2703,644,27,395
2704,339,0,395
2705,429,374,396
2706,463,212,396
2707,470,195,396
2708,474,188,396
2709,671,156,396
2710,686,135,396
2711,577,74,396
2712,644,43,396
2713,645,27,396
2714,638,27,396
2715,339,0,396
2716,679,243,397
2717,465,212,397
2718,474,189,397
2719,469,188,397
2720,670,158,397
2721,687,135,397
2722,680,132,397
2723,646,28,397
2724,640,27,397
2725,340,0,397
2726,466,212,398
2727,472,194,398
2728,670,146,398
2729,643,45,398
2730,484,33,398
2731,340,0,398
2732,351,256,399
2733,475,190,399
2734,689,134,399
2735,635,45,399
2736,649,27,399
2737,642,27,399
2738,340,0,399
2739,471,194,400
2740,468,193,400
2741,470,187,400
2742,671,161,400
2743,652,43,400
2744,487,31,400
2745,340,0,400
2746,473,187,401
2747,670,162,401
2748,670,147,401
2749,691,133,401
2750,683,130,401
2751,489,29,401
2752,651,27,401
2753,644,27,401
2754,340,0,401
2755,434,371,402
2756,473,193,402
2757,670,162,402
2758,435,372,403
2759,472,193,403
2760,469,192,403
2761,670,162,403
2762,493,29,403
2763,341,0,403
2764,595,279,404
2765,474,192,404
2766,495,29,404
2767,342,0,404
2768,437,371,405
2769,66,207,405
2770,477,188,405
2771,670,162,405
2772,497,29,405
2773,342,0,405
2774,474,192,406
2775,477,191,406
2776,671,162,406
2777,343,0,406
2778,478,186,407
2779,670,161,407
2780,670,150,407
2781,641,109,407
2782,500,29,407
2783,343,0,407
2784,441,367,408
2785,476,191,408
2786,670,160,408
2787,670,150,408
2788,686,128,408
2789,662,56,408
2790,670,53,408
2791,344,0,408
2792,476,191,409
2793,479,185,409
2794,344,0,409
2795,691,244,410
2796,480,187,410
2797,476,183,410
2798,506,29,410
2799,345,0,410
2800,474,217,411
2801,476,190,411
2802,385,130,411
2803,507,29,411
2804,346,0,411
2805,693,244,412
2806,475,217,412
2807,479,183,412
2808,672,155,412
2809,690,130,412
2810,385,130,412
2811,510,29,412
2812,346,0,412
2813,478,189,413
2814,666,41,413
2815,512,31,413
2816,347,0,413
2817,701,245,414
2818,695,244,414
2819,480,188,414
2820,703,146,414
2821,677,144,414
2822,691,131,414
2823,348,0,414
2824,477,187,415
2825,479,181,415
2826,348,0,415
2827,478,219,416
2828,479,180,416
2829,691,132,416
2830,676,48,416
2831,349,0,416
2832,447,368,417
2833,479,219,417
2834,704,147,417
2835,678,145,417
2836,663,28,417
2837,350,0,417
2838,70,207,418
2839,485,185,418
2840,692,133,418
2841,672,56,418
2842,350,0,418
2843,687,150,419
2844,673,58,419
2845,351,0,419
2846,481,222,420
2847,687,147,420
2848,675,61,420
2849,665,30,420
2850,351,0,420
2851,451,366,421
2852,482,221,421
2853,486,178,421
2854,705,144,421
2855,679,142,421
2856,592,73,421
2857,676,64,421
2858,670,50,421
2859,678,47,421
2860,351,0,421
2861,70,206,422
2862,705,143,422
2863,677,66,422
2864,352,0,422
2865,453,365,423
2866,485,183,423
2867,490,179,423
2868,483,179,423
2869,484,177,423
2870,485,176,423
2871,706,144,423
2872,697,144,423
2873,678,69,423
2874,529,27,423
2875,352,0,423
2876,697,143,424
2877,531,27,424
2878,353,0,424
2879,681,74,425
2880,669,33,425
2881,353,0,425
2882,71,207,426
2883,595,79,426
2884,682,77,426
2885,669,34,426
2886,353,0,426
2887,457,362,427
2888,493,179,427
2889,691,140,427
2890,680,136,427
2891,683,79,427
2892,593,78,427
2893,669,35,427
2894,353,0,427
2895,457,365,428
2896,487,227,428
2897,491,180,428
2898,707,141,428
2899,694,123,428
2900,684,81,428
2901,353,0,428
2902,614,275,429
2903,714,246,429
2904,491,172,429
2905,699,140,429
2906,691,140,429
2907,706,136,429
2908,692,121,429
2909,685,84,429
2910,671,38,429
2911,353,0,429
2912,496,174,430
2913,491,172,430
2914,692,120,430
2915,686,86,430
2916,672,51,430
2917,542,26,430
2918,353,0,430
2919,655,214,431
2920,493,178,431
2921,493,171,431
2922,687,88,431
2923,353,0,431
2924,490,228,432
2925,496,171,432
2926,491,170,432
2927,670,121,432
2928,594,83,432
2929,353,0,432
2930,492,228,433
2931,499,172,433
2932,670,121,433
2933,693,118,433
2934,689,93,433
2935,669,55,433
2936,353,0,433
2937,491,230,434
2938,496,176,434
2939,500,171,434
2940,670,121,434
2941,691,95,434
2942,673,45,434
2943,353,0,434
2944,501,170,435
2945,670,131,435
2946,670,121,435
2947,692,97,435
2948,353,0,435
2949,464,362,436
2950,73,207,436
2951,498,167,436
2952,670,132,436
2953,705,128,436
2954,670,122,436
2955,353,0,436
2956,74,207,437
2957,503,169,437
2958,501,167,437
2959,385,132,437
2960,682,125,437
2961,693,100,437
2962,353,0,437
2963,504,167,438
2964,502,166,438
2965,385,133,438
2966,708,126,438
2967,694,112,438
2968,694,103,438
2969,353,0,438
2970,74,208,439
2971,505,170,439
2972,671,135,439
2973,385,133,439
2974,698,129,439
2975,671,124,439
2976,353,0,439
2977,496,232,440
2978,654,215,440
2979,503,169,440
2980,670,136,440
2981,385,133,440
2982,597,95,440
2983,675,55,440
2984,559,25,440
2985,353,0,440
2986,470,359,441
2987,75,209,441
2988,664,205,441
2989,505,170,441
2990,671,137,441
2991,385,133,441
2992,688,123,441
2993,666,59,441
2994,676,56,441
2995,353,0,441
2996,469,360,442
2997,362,259,442
2998,663,205,442
2999,670,138,442
3000,385,133,442
3001,695,124,442
3002,684,120,442
3003,676,58,442
3004,354,0,442
3005,75,209,443
3006,663,205,443
3007,505,168,443
3008,670,138,443
3009,385,134,443
3010,677,60,443
3011,354,0,443
3012,663,205,444
3013,511,164,444
3014,509,161,444
3015,670,139,444
3016,385,134,444
3017,673,61,444
3018,354,0,444
3019,471,360,445
3020,662,206,445
3021,509,167,445
3022,512,162,445
3023,510,160,445
3024,670,139,445
3025,708,136,445
3026,385,134,445
3027,712,119,445
3028,686,117,445
3029,598,101,445
3030,678,63,445
3031,354,0,445
3032,499,235,446
3033,655,215,446
3034,662,206,446
3035,511,164,446
3036,671,139,446
3037,678,65,446
3038,669,62,446
3039,355,0,446
3040,472,359,447
3041,670,214,447
3042,655,214,447
3043,76,210,447
3044,661,207,447
3045,671,125,447
3046,679,67,447
3047,355,0,447
3048,655,214,448
3049,76,210,448
3050,661,207,448
3051,511,164,448
3052,515,163,448
3053,385,135,448
3054,670,125,448
3055,679,68,448
3056,355,0,448
3057,670,214,449
3058,517,158,449
3059,670,140,449
3060,385,135,449
3061,671,125,449
3062,679,70,449
3063,575,24,449
3064,356,0,449
3065,518,159,450
3066,671,140,450
3067,702,116,450
3068,680,72,450
3069,356,0,450
3070,720,244,451
3071,501,237,451
3072,670,213,451
3073,517,155,451
3074,671,140,451
3075,707,118,451
3076,715,115,451
3077,689,113,451
3078,680,73,451
3079,357,0,451
3080,365,261,452
3081,76,211,452
3082,516,161,452
3083,520,155,452
3084,518,154,452
3085,385,136,452
3086,680,75,452
3087,357,0,452
3088,478,358,453
3089,657,212,453
3090,76,211,453
3091,521,158,453
3092,385,136,453
3093,681,77,453
3094,583,25,453
3095,358,0,453
3096,670,213,454
3097,77,211,454
3098,725,196,454
3099,716,114,454
3100,599,106,454
3101,358,0,454
3102,708,249,455
3103,670,222,455
3104,670,213,455
3105,519,158,455
3106,523,153,455
3107,671,139,455
3108,670,127,455
3109,682,80,455
3110,359,0,455
3111,709,249,456
3112,670,221,456
3113,670,213,456
3114,527,154,456
3115,670,138,456
3116,385,137,456
3117,670,127,456
3118,682,82,456
3119,359,0,456
3120,481,356,457
3121,670,222,457
3122,670,213,457
3123,521,156,457
3124,521,150,457
3125,670,137,457
3126,385,137,457
3127,670,128,457
3128,691,111,457
3129,671,72,457
3130,663,72,457
3131,360,0,457
3132,482,356,458
3133,729,300,458
3134,366,262,458
3135,670,213,458
3136,527,152,458
3137,709,116,458
3138,717,113,458
3139,683,85,458
3140,360,0,458
3141,482,356,459
3142,730,299,459
3143,670,223,459
3144,670,213,459
3145,528,154,459
3146,385,138,459
3147,702,115,459
3148,594,23,459
3149,360,0,459
3150,508,241,460
3151,793,234,460
3152,671,214,460
3153,525,155,460
3154,529,153,460
3155,385,138,460
3156,702,115,460
3157,360,0,460
3158,719,247,461
3159,793,233,461
3160,670,224,461
3161,671,214,461
3162,77,213,461
3163,530,153,461
3164,684,90,461
3165,361,0,461
3166,485,355,462
3167,793,232,462
3168,670,213,462
3169,77,213,462
3170,531,149,462
3171,700,117,462
3172,683,91,462
3173,361,0,462
3174,486,355,463
3175,670,225,463
3176,385,139,463
3177,692,111,463
3178,685,93,463
3179,529,152,464
3180,385,140,464
3181,685,94,464
3182,671,226,465
3183,78,214,465
3184,670,213,465
3185,530,151,465
3186,534,150,465
3187,535,148,465
3188,528,146,465
3189,531,144,465
3190,685,96,465
3191,670,227,466
3192,670,213,466
3193,536,147,466
3194,529,146,466
3195,530,145,466
3196,686,98,466
3197,671,227,467
3198,77,214,467
3199,670,213,467
3200,726,197,467
3201,385,140,467
3202,533,150,467
3203,687,100,467
3204,671,227,468
3205,670,213,468
3206,388,187,468
3207,534,142,468
3208,687,101,468
3209,720,248,469
3210,670,228,469
3211,670,213,469
3212,726,196,469
3213,387,187,469
3214,535,149,469
3215,539,144,469
3216,534,142,469
3217,716,112,469
3218,693,110,469
3219,687,103,469
3220,720,249,470
3221,670,228,470
3222,670,213,470
3223,386,187,470
3224,536,148,470
3225,540,144,470
3226,538,142,470
3227,716,111,470
3228,671,228,471
3229,671,214,471
3230,387,187,471
3231,602,117,471
3232,689,106,471
3233,616,22,471
3234,720,251,472
3235,670,214,472
3236,387,187,472
3237,385,141,472
3238,539,147,472
3239,617,22,472
3240,670,229,473
3241,670,214,473
3242,387,187,473
3243,541,146,473
3244,705,114,473
3245,688,109,473
3246,619,22,473
3247,495,349,474
3248,369,265,474
3249,670,229,474
3250,670,214,474
3251,387,187,474
3252,717,111,474
3253,621,22,474
3254,670,215,475
3255,387,187,475
3256,385,142,475
3257,717,110,475
3258,78,216,476
3259,671,215,476
3260,387,187,476
3261,385,142,476
3262,542,144,476
3263,547,139,476
3264,670,230,477
3265,387,187,477
3266,544,136,477
3267,670,230,478
3268,387,187,478
3269,549,137,478
3270,718,112,478
3271,648,284,479
3272,670,230,479
3273,79,217,479
3274,387,187,479
3275,385,143,479
3276,550,138,479
3277,499,350,480
3278,648,284,480
3279,670,230,480
3280,387,187,480
3281,385,143,480
3282,692,121,480
3283,701,88,480
3284,648,284,481
3285,670,230,481
3286,387,187,481
3287,385,144,481
3288,549,141,481
3289,552,135,481
3290,692,122,481
3291,699,85,481
3292,670,230,482
3293,387,187,482
3294,385,143,482
3295,553,135,482
3296,551,133,482
3297,693,124,482
3298,718,112,482
3299,698,82,482
3300,670,230,483
3301,387,187,483
3302,552,139,483
3303,554,138,483
3304,693,126,483
3305,696,79,483
3306,649,286,484
3307,670,230,484
3308,80,218,484
3309,387,187,484
3310,385,144,484
3311,552,137,484
3312,694,127,484
3313,649,286,485
3314,670,230,485
3315,80,217,485
3316,387,187,485
3317,698,147,485
3318,385,144,485
3319,693,73,485
3320,724,301,486
3321,649,285,486
3322,670,230,486
3323,671,215,486
3324,387,187,486
3325,385,145,486
3326,695,130,486
3327,557,136,486
3328,691,70,486
3329,649,285,487
3330,80,218,487
3331,671,215,487
3332,387,187,487
3333,397,181,487
3334,385,145,487
3335,695,131,487
3336,554,137,487
3337,690,68,487
3338,362,0,487
3339,649,285,488
3340,670,229,488
3341,80,219,488
3342,388,187,488
3343,385,145,488
3344,554,136,488
3345,362,0,488
3346,649,285,489
3347,520,249,489
3348,671,229,489
3349,671,214,489
3350,388,187,489
3351,385,145,489
3352,697,133,489
3353,556,136,489
3354,687,62,489
3355,663,35,489
3356,649,285,490
3357,670,214,490
3358,388,187,490
3359,558,135,490
3360,560,131,490
3361,686,59,490
3362,664,35,490
3363,653,35,490
3364,649,285,491
3365,670,228,491
3366,671,213,491
3367,389,187,491
3368,395,186,491
3369,561,129,491
3370,684,56,491
3371,363,0,491
3372,670,228,492
3373,670,213,492
3374,389,187,492
3375,396,174,492
3376,385,146,492
3377,557,134,492
3378,562,128,492
3379,703,114,492
3380,683,54,492
3381,650,19,492
3382,363,0,492
3383,670,213,493
3384,396,186,493
3385,697,160,493
3386,385,146,493
3387,700,136,493
3388,562,132,493
3389,703,116,493
3390,681,51,493
3391,668,34,493
3392,650,20,493
3393,363,0,493
3394,646,278,494
3395,373,269,494
3396,670,227,494
3397,671,212,494
3398,396,186,494
3399,388,186,494
3400,697,160,494
3401,700,137,494
3402,560,133,494
3403,562,132,494
3404,563,127,494
3405,680,48,494
3406,651,18,494
3407,364,0,494
3408,646,278,495
3409,670,227,495
3410,81,219,495
3411,670,212,495
3412,397,186,495
3413,397,174,495
3414,700,138,495
3415,563,132,495
3416,563,126,495
3417,707,98,495
3418,679,46,495
3419,653,18,495
3420,364,0,495
3421,648,284,496
3422,645,277,496
3423,397,186,496
3424,389,186,496
3425,396,173,496
3426,697,164,496
3427,700,139,496
3428,560,133,496
3429,561,132,496
3430,670,33,496
3431,365,0,496
3432,648,283,497
3433,670,226,497
3434,81,219,497
3435,671,211,497
3436,397,186,497
3437,389,186,497
3438,396,173,497
3439,697,162,497
3440,707,116,497
3441,676,41,497
3442,654,19,497
3443,366,0,497
3444,648,284,498
3445,645,276,498
3446,81,219,498
3447,670,211,498
3448,396,173,498
3449,697,163,498
3450,562,132,498
3451,564,131,498
3452,562,125,498
3453,655,18,498
3454,366,0,498
3455,645,276,499
3456,81,219,499
3457,671,211,499
3458,390,186,499
3459,397,173,499
3460,697,164,499
3461,561,132,499
3462,558,127,499
3463,559,126,499
3464,656,33,499
3465,656,18,499
3466,366,0,499
